{
    "control_diff": 0.13432493645299257,
    "threat_diff": 0.4142135623730949,
    "strategic_diff": 0.0,
    "hybrid_diff": 5.685214693489939,
    "eval_diff": 9.17
}