{
    "control_diff": 0.3947760833545688,
    "threat_diff": 0.3178372451957818,
    "strategic_diff": 0.0,
    "hybrid_diff": 6.197283894641261,
    "eval_diff": 3.34
}