{
    "control_diff": 0.5071852169978508,
    "threat_diff": 0.7071067811865475,
    "strategic_diff": 0.0,
    "hybrid_diff": 0.0,
    "eval_diff": 1.6400000000000006
}