{
    "raw_metrics": {
        "control_diff": 0.11027080769476905,
        "threat_diff": 0.7071067811865475,
        "strategic_diff": 0.0,
        "hybrid_diff": 6.644161697033365,
        "graph_diff": 7.461539285914681,
        "eval_diff": 0.08000000000000007,
        "eval1": -6.89,
        "eval2": -6.97
    },
    "normalized_graph_metrics": {
        "control_diff": 0.13441189706270879,
        "threat_diff": 0.3185833064603568,
        "strategic_diff": 0.0,
        "hybrid_diff": 0.4073248631714099
    },
    "aggregate_normalized_graph_diff": 0.8603200666944755,
    "engine_eval_diff": 0.08000000000000007,
    "combined_score": 0.9403200666944755
}