{
    "raw_metrics": {
        "control_diff": 0.387879119226745,
        "threat_diff": 0.3178372451957818,
        "strategic_diff": 0.0,
        "hybrid_diff": 0.0,
        "graph_diff": 0.7057163644225268,
        "eval_diff": 0.9900000000000002,
        "eval1": -6.88,
        "eval2": -5.89
    },
    "normalized_graph_metrics": {
        "control_diff": 0.47279574110485606,
        "threat_diff": 0.14319992847588,
        "strategic_diff": 0.0,
        "hybrid_diff": 0.0
    },
    "aggregate_normalized_graph_diff": 0.615995669580736,
    "engine_eval_diff": 0.9900000000000002,
    "combined_score": 1.6059956695807363
}