{
    "control_diff": {
        "min": 0.0,
        "max": 0.8203946979732241
    },
    "threat_diff": {
        "min": 0.0,
        "max": 2.2195349437574405
    },
    "strategic_diff": {
        "min": 0.0,
        "max": 1.4802973661668756e-16
    },
    "hybrid_diff": {
        "min": 0.0,
        "max": 16.31170178344202
    },
    "eval_diff": {
        "min": 0.0,
        "max": 12.36
    }
}