{
    "control_diff": 0.04108580208993606,
    "threat_diff": 0.0,
    "strategic_diff": 0.0,
    "hybrid_diff": 5.685214693489939,
    "eval_diff": 3.4000000000000004
}