{
    "raw_metrics": {
        "control_diff": 0.31915137944246225,
        "threat_diff": 0.0,
        "strategic_diff": 0.0,
        "hybrid_diff": 0.0,
        "graph_diff": 0.31915137944246225,
        "eval_diff": 1.2600000000000007,
        "eval1": -5.1,
        "eval2": -6.36
    },
    "normalized_graph_metrics": {
        "control_diff": 0.3890217479841376,
        "threat_diff": 0.0,
        "strategic_diff": 0.0,
        "hybrid_diff": 0.0
    },
    "aggregate_normalized_graph_diff": 0.3890217479841376,
    "engine_eval_diff": 1.2600000000000007,
    "combined_score": 1.6490217479841383
}