{
    "raw_metrics": {
        "control_diff": 0.06720651457304982,
        "threat_diff": 0.7320508075688772,
        "strategic_diff": 0.0,
        "hybrid_diff": 5.42788083851647,
        "graph_diff": 6.227138160658397,
        "eval_diff": 1.02,
        "eval1": -3.73,
        "eval2": -4.75
    },
    "normalized_graph_metrics": {
        "control_diff": 0.08191973295181304,
        "threat_diff": 0.3298217086546931,
        "strategic_diff": 0.0,
        "hybrid_diff": 0.33275993581652535
    },
    "aggregate_normalized_graph_diff": 0.7445013774230316,
    "engine_eval_diff": 1.02,
    "combined_score": 1.7645013774230316
}