{
    "control_diff": 0.6474571733110148,
    "threat_diff": 0.7071067811865475,
    "strategic_diff": 0.0,
    "hybrid_diff": 5.685214693489939,
    "eval_diff": 9.89
}