{
    "control_diff": 0.8174258141649434,
    "threat_diff": 1.1213203435596428,
    "strategic_diff": 0.0,
    "hybrid_diff": 0.0,
    "eval_diff": 2.6500000000000004
}