{
    "control_diff": 0.7448824278940585,
    "threat_diff": 0.0,
    "strategic_diff": 0.0,
    "hybrid_diff": 0.0,
    "eval_diff": 2.3800000000000003
}