{
    "control_diff": 0.8174258141649425,
    "threat_diff": 1.1213203435596424,
    "strategic_diff": 0.0,
    "hybrid_diff": 0.0,
    "eval_diff": 3.45
}