{
    "control_diff": 0.17541073854292863,
    "threat_diff": 0.4142135623730949,
    "strategic_diff": 0.0,
    "hybrid_diff": 0.0,
    "eval_diff": 5.77
}