{
    "control_diff": 0.7958759103249843,
    "threat_diff": 0.7965072064113046,
    "strategic_diff": 0.0,
    "hybrid_diff": 0.0,
    "eval_diff": 0.4800000000000004
}