{
    "control_diff": 0.8123082420590038,
    "threat_diff": 2.121320343559643,
    "strategic_diff": 0.0,
    "hybrid_diff": 0.0,
    "eval_diff": 2.21
}