{
    "control_diff": 0.09918615422322763,
    "threat_diff": 1.503613987597852,
    "strategic_diff": 0.0,
    "hybrid_diff": 0.0,
    "eval_diff": 13.879999999999999
}