{
    "control_diff": 0.37322617951461,
    "threat_diff": 0.7320508075688772,
    "strategic_diff": 0.0,
    "hybrid_diff": 6.197283894641261,
    "eval_diff": 6.92
}