{
    "event": "Magnus Carlsen Chess Tour Finals",
    "round": "1.11",
    "white": "Daniil Dubov",
    "black": "Hikaru Nakamura",
    "result": "1-0",
    "dubov_color": "white",
    "opponent": "Hikaru Nakamura",
    "moves_used": [
        "d2d4",
        "g8f6",
        "c2c4",
        "e7e6",
        "b1c3",
        "f8b4",
        "g1f3",
        "e8g8",
        "c1g5",
        "c7c5",
        "a1c1",
        "h7h6",
        "g5h4",
        "c5d4",
        "f3d4",
        "d7d5",
        "c4d5",
        "g7g5",
        "h4g3",
        "f6d5",
        "e2e3",
        "d8a5",
        "f1d3",
        "f8d8",
        "e1g1",
        "d5c3",
        "d1h5",
        "b4f8",
        "c1c3",
        "e6e5",
        "d3c4",
        "a5c7",
        "g3e5"
    ],
    "average_metrics": {
        "white": {
            "control": 0.7731257310903391,
            "threat": 1.0573604707436133,
            "strategic": 3.3399297350492616,
            "hybrid": 12.621523215701165,
            "eval": 1.5
        },
        "black": {
            "control": 0.6522520755397881,
            "threat": 1.3082693285840012,
            "strategic": 3.257469178320274,
            "hybrid": 12.48775710281808,
            "eval": -1.5
        }
    },
    "move_by_move_metrics": [
        {
            "white": {
                "control": 1.0,
                "threat": 0.0,
                "strategic": 3.2473976966292146,
                "hybrid": 0.0,
                "eval": 0.25
            },
            "black": {
                "control": 0.8758965030968358,
                "threat": 0.0,
                "strategic": 3.2449530810750815,
                "hybrid": 0.0,
                "eval": -0.25
            },
            "move_number": 3
        },
        {
            "white": {
                "control": 1.0,
                "threat": 0.0,
                "strategic": 3.2473976966292146,
                "hybrid": 0.0,
                "eval": 0.25
            },
            "black": {
                "control": 0.8831105864838863,
                "threat": 0.0,
                "strategic": 3.384013822017952,
                "hybrid": 0.0,
                "eval": -0.25
            },
            "move_number": 4
        },
        {
            "white": {
                "control": 1.0,
                "threat": 0.0,
                "strategic": 3.384013822017952,
                "hybrid": 0.0,
                "eval": 0.26
            },
            "black": {
                "control": 0.8831105864838863,
                "threat": 0.0,
                "strategic": 3.384013822017952,
                "hybrid": 0.0,
                "eval": -0.26
            },
            "move_number": 5
        },
        {
            "white": {
                "control": 1.0,
                "threat": 0.0,
                "strategic": 3.384013822017952,
                "hybrid": 0.0,
                "eval": 0.21
            },
            "black": {
                "control": 1.0,
                "threat": 1.0,
                "strategic": 3.384013822017952,
                "hybrid": 13.582350007763115,
                "eval": -0.21
            },
            "move_number": 6
        },
        {
            "white": {
                "control": 1.0,
                "threat": 0.0,
                "strategic": 3.2016815437651323,
                "hybrid": 0.0,
                "eval": 0.18
            },
            "black": {
                "control": 1.0,
                "threat": 1.0,
                "strategic": 3.384013822017952,
                "hybrid": 13.582350007763115,
                "eval": -0.18
            },
            "move_number": 7
        },
        {
            "white": {
                "control": 1.0,
                "threat": 0.0,
                "strategic": 3.2016815437651323,
                "hybrid": 0.0,
                "eval": 0.17
            },
            "black": {
                "control": 0.8719636553142872,
                "threat": 1.0,
                "strategic": 3.379464772812395,
                "hybrid": 12.909030427081735,
                "eval": -0.17
            },
            "move_number": 8
        },
        {
            "white": {
                "control": 1.0,
                "threat": 1.0,
                "strategic": 3.2016815437651323,
                "hybrid": 13.795827447298134,
                "eval": 0.15
            },
            "black": {
                "control": 0.8719636553142872,
                "threat": 1.0,
                "strategic": 3.379464772812395,
                "hybrid": 12.909030427081735,
                "eval": -0.15
            },
            "move_number": 9
        },
        {
            "white": {
                "control": 1.0,
                "threat": 1.0,
                "strategic": 3.2016815437651323,
                "hybrid": 13.795827447298153,
                "eval": 0.2
            },
            "black": {
                "control": 0.7071067811865475,
                "threat": 1.0,
                "strategic": 3.2152813406226235,
                "hybrid": 13.465879018665538,
                "eval": -0.2
            },
            "move_number": 10
        },
        {
            "white": {
                "control": 1.0,
                "threat": 1.0,
                "strategic": 3.2016815437651323,
                "hybrid": 14.1662166129954,
                "eval": 0.06
            },
            "black": {
                "control": 0.7071067811865475,
                "threat": 1.0,
                "strategic": 3.2152813406226235,
                "hybrid": 13.465879018665538,
                "eval": -0.06
            },
            "move_number": 11
        },
        {
            "white": {
                "control": 1.0,
                "threat": 1.0,
                "strategic": 3.2016815437651323,
                "hybrid": 20.034055661613145,
                "eval": 0.09
            },
            "black": {
                "control": 0.2672612419124261,
                "threat": 1.0,
                "strategic": 3.2152813406226235,
                "hybrid": 12.80820481836878,
                "eval": -0.09
            },
            "move_number": 12
        },
        {
            "white": {
                "control": 1.0,
                "threat": 1.0,
                "strategic": 3.2016815437651323,
                "hybrid": 14.095675634208089,
                "eval": 0.0
            },
            "black": {
                "control": 0.2672612419124261,
                "threat": 1.0,
                "strategic": 3.2152813406226235,
                "hybrid": 12.808204818368779,
                "eval": -0.0
            },
            "move_number": 13
        },
        {
            "white": {
                "control": 1.0,
                "threat": 1.7071067811865475,
                "strategic": 3.2016815437651323,
                "hybrid": 19.2183311274655,
                "eval": 0.08
            },
            "black": {
                "control": 0.2567275185652343,
                "threat": 1.7071067811865475,
                "strategic": 3.379464772812395,
                "hybrid": 17.19917411832764,
                "eval": -0.08
            },
            "move_number": 14
        },
        {
            "white": {
                "control": 0.2672612419124251,
                "threat": 1.0,
                "strategic": 3.384013822017952,
                "hybrid": 12.90702613167305,
                "eval": 0.0
            },
            "black": {
                "control": 0.8615200047643785,
                "threat": 1.0,
                "strategic": 3.379464772812395,
                "hybrid": 12.161652649877642,
                "eval": -0.0
            },
            "move_number": 15
        },
        {
            "white": {
                "control": 0.2672612419124251,
                "threat": 1.7071067811865475,