{
    "raw_metrics": {
        "control_diff": 0.8203946979732204,
        "threat_diff": 4.440892098500626e-16,
        "strategic_diff": 0.0,
        "hybrid_diff": 7.607792426026139,
        "graph_diff": 8.42818712399936,
        "eval_diff": 0.2999999999999998,
        "eval1": -5.32,
        "eval2": -5.62
    },
    "normalized_graph_metrics": {
        "control_diff": 0.9999999999999956,
        "threat_diff": 2.000820987743793e-16,
        "strategic_diff": 0.0,
        "hybrid_diff": 0.4664009020658283
    },
    "aggregate_normalized_graph_diff": 1.466400902065824,
    "engine_eval_diff": 0.2999999999999998,
    "combined_score": 1.7664009020658238
}