{
    "control_diff": 0.045875910324986446,
    "threat_diff": 1.7071067811865475,
    "strategic_diff": 0.0,
    "hybrid_diff": 0.0,
    "eval_diff": 8.17
}