{
    "control_diff": 0.3591323789536327,
    "threat_diff": 0.31783724519578227,
    "strategic_diff": 0.0,
    "hybrid_diff": 6.197283894641261,
    "eval_diff": 0.030000000000000027
}