{
    "raw_metrics": {
        "control_diff": 0.03154236888970641,
        "threat_diff": 1.21953494375744,
        "strategic_diff": 0.0,
        "hybrid_diff": 6.644161697033365,
        "graph_diff": 7.895239009680511,
        "eval_diff": 0.4300000000000006,
        "eval1": -7.4,
        "eval2": -6.97
    },
    "normalized_graph_metrics": {
        "control_diff": 0.038447797100141526,
        "threat_diff": 0.5494551672580991,
        "strategic_diff": 0.0,
        "hybrid_diff": 0.4073248631714099
    },
    "aggregate_normalized_graph_diff": 0.9952278275296506,
    "engine_eval_diff": 0.4300000000000006,
    "combined_score": 1.425227827529651
}