{
    "control_diff": 8.881784197001252e-16,
    "threat_diff": 0.28407904384041105,
    "strategic_diff": 0.0,
    "hybrid_diff": 7.100323878581015,
    "eval_diff": 4.359999999999999
}