{
    "control_diff": 0.817425814164937,
    "threat_diff": 0.7071067811865475,
    "strategic_diff": 0.0,
    "hybrid_diff": 0.0,
    "eval_diff": 1.74
}