{
    "control_diff": 0.642339601205075,
    "threat_diff": 1.7071067811865475,
    "strategic_diff": 0.0,
    "hybrid_diff": 5.685214693489939,
    "eval_diff": 10.33
}