{
    "raw_metrics": {
        "control_diff": 0.0032868983275626262,
        "threat_diff": 0.0,
        "strategic_diff": 0.0,
        "hybrid_diff": 5.268919436851204,
        "graph_diff": 5.272206335178766,
        "eval_diff": 1.4800000000000004,
        "eval1": -5.28,
        "eval2": -3.8
    },
    "normalized_graph_metrics": {
        "control_diff": 0.004006484117563012,
        "threat_diff": 0.0,
        "strategic_diff": 0.0,
        "hybrid_diff": 0.32301469869929045
    },
    "aggregate_normalized_graph_diff": 0.32702118281685344,
    "engine_eval_diff": 1.4800000000000004,
    "combined_score": 1.8070211828168539
}