{
    "control_diff": 0.7182396599417155,
    "threat_diff": 1.1213203435596428,
    "strategic_diff": 0.0,
    "hybrid_diff": 0.0,
    "eval_diff": 10.780000000000001
}