{
    "control_diff": 0.005117572105939661,
    "threat_diff": 1.0,
    "strategic_diff": 0.0,
    "hybrid_diff": 0.0,
    "eval_diff": 0.44000000000000017
}