{
    "opening": "QGD Lasker Defense",
    "moves_used": [
        "d4",
        "d5",
        "c4",
        "e6",
        "Nc3",
        "Nf6",
        "Bg5",
        "Be7",
        "e3",
        "O-O",
        "Nf3",
        "h6",
        "Bh4",
        "dxc4",
        "Bxc4"
    ],
    "average_metrics": {
        "white": {
            "control": 0.8205833211710178,
            "threat": 1.4895354638983789,
            "strategic": 3.3880128715505973,
            "hybrid": 15.313577394926863,
            "eval": 0.2553846153846153
        },
        "black": {
            "control": 0.4478018057048709,
            "threat": 1.0,
            "strategic": 3.3312447136891286,
            "hybrid": 11.354014630090782,
            "eval": -0.2553846153846153
        }
    },
    "move_by_move_metrics": [
        {
            "white": {
                "control": 1.0,
                "threat": 1.0,
                "strategic": 3.2473976966292146,
                "hybrid": 9.93600030976023,
                "eval": 0.26
            },
            "black": {
                "control": 0.5766836760047307,
                "threat": 1.0,
                "strategic": 3.1627253919438325,
                "hybrid": 9.18143740017006,
                "eval": -0.26
            },
            "move_number": 3
        },
        {
            "white": {
                "control": 1.0,
                "threat": 1.0,
                "strategic": 3.2473976966292146,
                "hybrid": 9.93600030976023,
                "eval": 0.16
            },
            "black": {
                "control": 0.5752552961486038,
                "threat": 1.0,
                "strategic": 3.2473976966292146,
                "hybrid": 8.67778375492345,
                "eval": -0.16
            },
            "move_number": 4
        },
        {
            "white": {
                "control": 1.0,
                "threat": 1.7071067811865475,
                "strategic": 3.384013822017952,
                "hybrid": 17.127332962360196,
                "eval": 0.22
            },
            "black": {
                "control": 0.5752552961486038,
                "threat": 1.0,
                "strategic": 3.2473976966292146,
                "hybrid": 8.67778375492345,
                "eval": -0.22
            },
            "move_number": 5
        },
        {
            "white": {
                "control": 1.0,
                "threat": 1.7071067811865475,
                "strategic": 3.384013822017952,
                "hybrid": 17.127332962360196,
                "eval": 0.24
            },
            "black": {
                "control": 0.27698505997309764,
                "threat": 1.0,
                "strategic": 3.384013822017952,
                "hybrid": 11.90554920777672,
                "eval": -0.24
            },
            "move_number": 6
        },
        {
            "white": {
                "control": 1.0,
                "threat": 1.7071067811865475,
                "strategic": 3.384013822017952,
                "hybrid": 16.97420163915721,
                "eval": 0.25
            },
            "black": {
                "control": 0.27698505997309764,
                "threat": 1.0,
                "strategic": 3.384013822017952,
                "hybrid": 11.90554920777672,
                "eval": -0.25
            },
            "move_number": 7
        },
        {
            "white": {
                "control": 1.0,
                "threat": 1.7071067811865475,
                "strategic": 3.384013822017952,
                "hybrid": 16.97420163915721,
                "eval": 0.28
            },
            "black": {
                "control": 0.2773449053770054,
                "threat": 1.0,
                "strategic": 3.384013822017952,
                "hybrid": 12.191832740276626,
                "eval": -0.28
            },
            "move_number": 8
        },
        {
            "white": {
                "control": 0.27097986168110827,
                "threat": 1.7071067811865475,
                "strategic": 3.5609284253441524,
                "hybrid": 13.72658171474238,
                "eval": 0.28
            },
            "black": {
                "control": 0.2773449053770054,
                "threat": 1.0,
                "strategic": 3.384013822017952,
                "hybrid": 12.191832740276626,
                "eval": -0.28
            },
            "move_number": 9
        },
        {
            "white": {
                "control": 0.27097986168110827,
                "threat": 1.7071067811865475,
                "strategic": 3.5609284253441524,
                "hybrid": 13.72658171474238,
                "eval": 0.25
            },
            "black": {
                "control": 0.2773500129534208,
                "threat": 1.0,
                "strategic": 3.379464772812395,
                "hybrid": 12.682323288078987,
                "eval": -0.25
            },
            "move_number": 10
        },
        {
            "white": {
                "control": 0.8271001967676301,
                "threat": 1.7071067811865475,
                "strategic": 3.415152896926854,
                "hybrid": 19.201287629583145,
                "eval": 0.23
            },
            "black": {
                "control": 0.2773500129534208,
                "threat": 1.0,
                "strategic": 3.379464772812395,
                "hybrid": 12.682323288078987,
                "eval": -0.23
            },
            "move_number": 11
        },
        {
            "white": {
                "control": 0.8271001967676301,
                "threat": 1.7071067811865475,
                "strategic": 3.415152896926854,
                "hybrid": 19.201287629583145,
                "eval": 0.36
            },
            "black": {
                "control": 0.5712494964809017,
                "threat": 1.0,
                "strategic": 3.379464772812395,
                "hybrid": 12.131244727092625,
                "eval": -0.36
            },
            "move_number": 12
        },
        {
            "white": {
                "control": 0.8251152665209769,
                "threat": 1.7071067811865475,
                "strategic": 3.415152896926854,
                "hybrid": 19.235340601189478,
                "eval": 0.28
            },
            "black": {
                "control": 0.5712494964809017,
                "threat": 1.0,
                "strategic": 3.379464772812395,
                "hybrid": 12.131244727092612,
                "eval": -0.28
            },
            "move_number": 13
        },
        {
            "white": {
                "control": 0.871437074413199,
                "threat": 1.0,
                "strategic": 3.230848210431799,
                "hybrid": 12.484884151901486,
                "eval": 0.26
            },
            "black": {
                "control": 1.0,
                "threat": 1.0,
                "strategic": 3.2152813406226235,
                "hybrid": 11.970236548735942,
                "eval": -0.26
            },
            "move_number": 14
        },
        {
            "white": {
                "control": 0.7748707173915781,
                "threat": 1.0,
                "strategic": 3.415152896926854,
                "hybrid": 13.42547286975196,
                "eval": 0.25
            },
            "black": {
                "control": 0.28837025629253143,
                "threat": 1.0,
                "strategic": 3.379464772812395,
                "hybrid": 11.273048805977375,
                "eval": -0.25
            },
            "move_number": 15
        }
    ]
}