{
    "control_diff": 0.6063713712210783,
    "threat_diff": 0.7965072064113046,
    "strategic_diff": 0.0,
    "hybrid_diff": 0.0,
    "eval_diff": 12.239999999999998
}