{
    "opening": "QGD Ragozin Defense",
    "moves_used": [
        "d4",
        "d5",
        "c4",
        "e6",
        "Nc3",
        "Nf6",
        "Bg5",
        "Bb4",
        "e3",
        "O-O",
        "Nf3",
        "c5",
        "Bd3",
        "dxc4",
        "Bxc4"
    ],
    "average_metrics": {
        "white": {
            "control": 0.799708490592269,
            "threat": 1.4895354638983789,
            "strategic": 3.3929650245793113,
            "hybrid": 15.983273822105714,
            "eval": 0.23153846153846155
        },
        "black": {
            "control": 0.5555187502507521,
            "threat": 1.1087856586440843,
            "strategic": 3.3041275095444407,
            "hybrid": 12.41255959522613,
            "eval": -0.23153846153846155
        }
    },
    "move_by_move_metrics": [
        {
            "white": {
                "control": 1.0,
                "threat": 1.0,
                "strategic": 3.2473976966292146,
                "hybrid": 9.93600030976023,
                "eval": 0.26
            },
            "black": {
                "control": 0.5766836760047307,
                "threat": 1.0,
                "strategic": 3.1627253919438325,
                "hybrid": 9.18143740017006,
                "eval": -0.26
            },
            "move_number": 3
        },
        {
            "white": {
                "control": 1.0,
                "threat": 1.0,
                "strategic": 3.2473976966292146,
                "hybrid": 9.93600030976023,
                "eval": 0.16
            },
            "black": {
                "control": 0.5752552961486038,
                "threat": 1.0,
                "strategic": 3.2473976966292146,
                "hybrid": 8.67778375492345,
                "eval": -0.16
            },
            "move_number": 4
        },
        {
            "white": {
                "control": 1.0,
                "threat": 1.7071067811865475,
                "strategic": 3.384013822017952,
                "hybrid": 17.127332962360196,
                "eval": 0.22
            },
            "black": {
                "control": 0.5752552961486038,
                "threat": 1.0,
                "strategic": 3.2473976966292146,
                "hybrid": 8.67778375492345,
                "eval": -0.22
            },
            "move_number": 5
        },
        {
            "white": {
                "control": 1.0,
                "threat": 1.7071067811865475,
                "strategic": 3.384013822017952,
                "hybrid": 17.127332962360196,
                "eval": 0.24
            },
            "black": {
                "control": 0.27698505997309764,
                "threat": 1.0,
                "strategic": 3.384013822017952,
                "hybrid": 11.90554920777672,
                "eval": -0.24
            },
            "move_number": 6
        },
        {
            "white": {
                "control": 1.0,
                "threat": 1.7071067811865475,
                "strategic": 3.384013822017952,
                "hybrid": 16.97420163915721,
                "eval": 0.25
            },
            "black": {
                "control": 0.27698505997309764,
                "threat": 1.0,
                "strategic": 3.384013822017952,
                "hybrid": 11.90554920777672,
                "eval": -0.25
            },
            "move_number": 7
        },
        {
            "white": {
                "control": 1.0,
                "threat": 1.7071067811865475,
                "strategic": 3.384013822017952,
                "hybrid": 16.97420163915721,
                "eval": 0.35
            },
            "black": {
                "control": 1.0,
                "threat": 1.0,
                "strategic": 3.384013822017952,
                "hybrid": 11.775883867959314,
                "eval": -0.35
            },
            "move_number": 8
        },
        {
            "white": {
                "control": 0.27097986168110827,
                "threat": 1.7071067811865475,
                "strategic": 3.5609284253441524,
                "hybrid": 13.72658171474238,
                "eval": 0.32
            },
            "black": {
                "control": 1.0,
                "threat": 1.0,
                "strategic": 3.384013822017952,
                "hybrid": 11.775883867959314,
                "eval": -0.32
            },
            "move_number": 9
        },
        {
            "white": {
                "control": 0.27097986168110827,
                "threat": 1.7071067811865475,
                "strategic": 3.5609284253441524,
                "hybrid": 13.72658171474238,
                "eval": 0.51
            },
            "black": {
                "control": 0.5773366519124619,
                "threat": 1.0,
                "strategic": 3.379464772812395,
                "hybrid": 12.60421361411027,
                "eval": -0.51
            },
            "move_number": 10
        },
        {
            "white": {
                "control": 0.8271001967676301,
                "threat": 1.7071067811865475,
                "strategic": 3.415152896926854,
                "hybrid": 19.201287629583145,
                "eval": 0.26
            },
            "black": {
                "control": 0.5773366519124619,
                "threat": 1.0,
                "strategic": 3.379464772812395,
                "hybrid": 12.60421361411027,
                "eval": -0.26
            },
            "move_number": 11
        },
        {
            "white": {
                "control": 0.8271001967676301,
                "threat": 1.7071067811865475,
                "strategic": 3.415152896926854,
                "hybrid": 19.201287629583145,
                "eval": 0.27
            },
            "black": {
                "control": 0.576788261972922,
                "threat": 1.0,
                "strategic": 3.2152813406226235,
                "hybrid": 13.136127410646528,
                "eval": -0.27
            },
            "move_number": 12
        },
        {
            "white": {
                "control": 0.6489987011702754,
                "threat": 1.7071067811865475,
                "strategic": 3.3552791098579937,
                "hybrid": 21.261373642550037,
                "eval": -0.01
            },
            "black": {
                "control": 0.576788261972922,
                "threat": 1.0,
                "strategic": 3.2152813406226235,
                "hybrid": 13.136127410646528,
                "eval": 0.01
            },
            "move_number": 13
        },
        {
            "white": {
                "control": 0.7757434770916194,
                "threat": 1.0,
                "strategic": 3.355099986873944,
                "hybrid": 19.18432543854749,
                "eval": 0.09
            },
            "black": {
                "control": 0.3161647686204379,
                "threat": 1.7071067811865475,
                "strategic": 3.355307983311002,
                "hybrid": 18.83708694999743,
                "eval": -0.09
            },
            "move_number": 14
        },
        {
            "white": {
                "control": 0.7753080825401244,
                "threat": 1.0,
                "strategic": 3.415152896926854,
                "hybrid": 13.406052095070466,
                "eval": 0.09
            },
            "black": {
                "control": 0.3161647686204379,
                "threat": 1.7071067811865475,
                "strategic": 3.2152813406226235,
                "hybrid": 17.145634676939626,
                "eval": -0.09
            },
            "move_number": 15
        }
    ]
}