{
    "opening": "QGD Noteboom Variation",
    "moves_used": [
        "d4",
        "d5",
        "c4",
        "e6",
        "Nc3",
        "Nf6",
        "Bg5",
        "Bb4",
        "e3",
        "O-O",
        "Nf3",
        "c5",
        "cxd5",
        "exd5",
        "Bd3"
    ],
    "average_metrics": {
        "white": {
            "control": 0.812693462145535,
            "threat": 1.435142634576337,
            "strategic": 3.3692161333546,
            "hybrid": 14.804463281091314,
            "eval": 0.29538461538461547
        },
        "black": {
            "control": 0.5956157142338087,
            "threat": 1.0862554110430493,
            "strategic": 3.25939665968674,
            "hybrid": 12.003262885132346,
            "eval": -0.29538461538461547
        }
    },
    "move_by_move_metrics": [
        {
            "white": {
                "control": 1.0,
                "threat": 1.0,
                "strategic": 3.2473976966292146,
                "hybrid": 9.93600030976023,
                "eval": 0.26
            },
            "black": {
                "control": 0.5766836760047307,
                "threat": 1.0,
                "strategic": 3.1627253919438325,
                "hybrid": 9.18143740017006,
                "eval": -0.26
            },
            "move_number": 3
        },
        {
            "white": {
                "control": 1.0,
                "threat": 1.0,
                "strategic": 3.2473976966292146,
                "hybrid": 9.93600030976023,
                "eval": 0.16
            },
            "black": {
                "control": 0.5752552961486038,
                "threat": 1.0,
                "strategic": 3.2473976966292146,
                "hybrid": 8.67778375492345,
                "eval": -0.16
            },
            "move_number": 4
        },
        {
            "white": {
                "control": 1.0,
                "threat": 1.7071067811865475,
                "strategic": 3.384013822017952,
                "hybrid": 17.127332962360196,
                "eval": 0.22
            },
            "black": {
                "control": 0.5752552961486038,
                "threat": 1.0,
                "strategic": 3.2473976966292146,
                "hybrid": 8.67778375492345,
                "eval": -0.22
            },
            "move_number": 5
        },
        {
            "white": {
                "control": 1.0,
                "threat": 1.7071067811865475,
                "strategic": 3.384013822017952,
                "hybrid": 17.127332962360196,
                "eval": 0.24
            },
            "black": {
                "control": 0.27698505997309764,
                "threat": 1.0,
                "strategic": 3.384013822017952,
                "hybrid": 11.90554920777672,
                "eval": -0.24
            },
            "move_number": 6
        },
        {
            "white": {
                "control": 1.0,
                "threat": 1.7071067811865475,
                "strategic": 3.384013822017952,
                "hybrid": 16.97420163915721,
                "eval": 0.25
            },
            "black": {
                "control": 0.27698505997309764,
                "threat": 1.0,
                "strategic": 3.384013822017952,
                "hybrid": 11.90554920777672,
                "eval": -0.25
            },
            "move_number": 7
        },
        {
            "white": {
                "control": 1.0,
                "threat": 1.7071067811865475,
                "strategic": 3.384013822017952,
                "hybrid": 16.97420163915721,
                "eval": 0.35
            },
            "black": {
                "control": 1.0,
                "threat": 1.0,
                "strategic": 3.384013822017952,
                "hybrid": 11.775883867959314,
                "eval": -0.35
            },
            "move_number": 8
        },
        {
            "white": {
                "control": 0.27097986168110827,
                "threat": 1.7071067811865475,
                "strategic": 3.5609284253441524,
                "hybrid": 13.72658171474238,
                "eval": 0.32
            },
            "black": {
                "control": 1.0,
                "threat": 1.0,
                "strategic": 3.384013822017952,
                "hybrid": 11.775883867959314,
                "eval": -0.32
            },
            "move_number": 9
        },
        {
            "white": {
                "control": 0.27097986168110827,
                "threat": 1.7071067811865475,
                "strategic": 3.5609284253441524,
                "hybrid": 13.72658171474238,
                "eval": 0.51
            },
            "black": {
                "control": 0.5773366519124619,
                "threat": 1.0,
                "strategic": 3.379464772812395,
                "hybrid": 12.60421361411027,
                "eval": -0.51
            },
            "move_number": 10
        },
        {
            "white": {
                "control": 0.8271001967676301,
                "threat": 1.7071067811865475,
                "strategic": 3.415152896926854,
                "hybrid": 19.201287629583145,
                "eval": 0.26
            },
            "black": {
                "control": 0.5773366519124619,
                "threat": 1.0,
                "strategic": 3.379464772812395,
                "hybrid": 12.60421361411027,
                "eval": -0.26
            },
            "move_number": 11
        },
        {
            "white": {
                "control": 0.8271001967676301,
                "threat": 1.7071067811865475,
                "strategic": 3.415152896926854,
                "hybrid": 19.201287629583145,
                "eval": 0.27
            },
            "black": {
                "control": 0.576788261972922,
                "threat": 1.0,
                "strategic": 3.2152813406226235,
                "hybrid": 13.136127410646528,
                "eval": -0.27
            },
            "move_number": 12
        },
        {
            "white": {
                "control": 0.7202811424722428,
                "threat": 1.0,
                "strategic": 3.230848210431799,
                "hybrid": 12.49748069491621,
                "eval": 0.39
            },
            "black": {
                "control": 0.3161647686204379,
                "threat": 2.121320343559643,
                "strategic": 3.2152813406226235,
                "hybrid": 20.99902813733559,
                "eval": -0.39
            },
            "move_number": 13
        },
        {
            "white": {
                "control": 0.8728302714306144,
                "threat": 1.0,
                "strategic": 3.230848210431799,
                "hybrid": 12.464366837978028,
                "eval": 0.37
            },
            "black": {
                "control": 0.7071067811865475,
                "threat": 1.0,
                "strategic": 2.99454413789176,
                "hybrid": 11.399481834514418,
                "eval": -0.37
            },
            "move_number": 14
        },
        {
            "white": {
                "control": 0.7757434770916194,
                "threat": 1.0,
                "strategic": 3.355099986873944,
                "hybrid": 13.565366610086546,
                "eval": 0.24
            },
            "black": {
                "control": 0.7071067811865475,
                "threat": 1.0,
                "strategic": 2.99454413789176,
                "hybrid": 11.399481834514418,
                "eval": -0.24
            },
            "move_number": 15
        }
    ]
}