{
    "control_diff": 0.22480744250064016,
    "threat_diff": 0.7320508075688772,
    "strategic_diff": 0.0,
    "hybrid_diff": 0.5120692011513226,
    "eval_diff": 9.2
}