{
    "control_diff": 0.6406059139693288,
    "threat_diff": 0.41421356237309537,
    "strategic_diff": 0.0,
    "hybrid_diff": 0.0,
    "eval_diff": 4.03
}