{
    "opening": "QGD Semi-Tarrasch",
    "moves_used": [
        "d4",
        "d5",
        "c4",
        "e6",
        "Nc3",
        "Nf6",
        "Bg5",
        "dxc4",
        "e4",
        "Bb4",
        "e5",
        "h6",
        "Bh4",
        "g5",
        "Nge2"
    ],
    "average_metrics": {
        "white": {
            "control": 0.7128757087570597,
            "threat": 1.3263569759322527,
            "strategic": 3.277420115993303,
            "hybrid": 11.545195197361988,
            "eval": -0.12769230769230766
        },
        "black": {
            "control": 0.6426424678670514,
            "threat": 1.0,
            "strategic": 3.244587884512157,
            "hybrid": 10.454405919112487,
            "eval": 0.12769230769230766
        }
    },
    "move_by_move_metrics": [
        {
            "white": {
                "control": 1.0,
                "threat": 1.0,
                "strategic": 3.2473976966292146,
                "hybrid": 9.93600030976023,
                "eval": 0.26
            },
            "black": {
                "control": 0.5766836760047307,
                "threat": 1.0,
                "strategic": 3.1627253919438325,
                "hybrid": 9.18143740017006,
                "eval": -0.26
            },
            "move_number": 3
        },
        {
            "white": {
                "control": 1.0,
                "threat": 1.0,
                "strategic": 3.2473976966292146,
                "hybrid": 9.93600030976023,
                "eval": 0.16
            },
            "black": {
                "control": 0.5752552961486038,
                "threat": 1.0,
                "strategic": 3.2473976966292146,
                "hybrid": 8.67778375492345,
                "eval": -0.16
            },
            "move_number": 4
        },
        {
            "white": {
                "control": 1.0,
                "threat": 1.7071067811865475,
                "strategic": 3.384013822017952,
                "hybrid": 17.127332962360196,
                "eval": 0.22
            },
            "black": {
                "control": 0.5752552961486038,
                "threat": 1.0,
                "strategic": 3.2473976966292146,
                "hybrid": 8.67778375492345,
                "eval": -0.22
            },
            "move_number": 5
        },
        {
            "white": {
                "control": 1.0,
                "threat": 1.7071067811865475,
                "strategic": 3.384013822017952,
                "hybrid": 17.127332962360196,
                "eval": 0.24
            },
            "black": {
                "control": 0.27698505997309764,
                "threat": 1.0,
                "strategic": 3.384013822017952,
                "hybrid": 11.90554920777672,
                "eval": -0.24
            },
            "move_number": 6
        },
        {
            "white": {
                "control": 1.0,
                "threat": 1.7071067811865475,
                "strategic": 3.384013822017952,
                "hybrid": 16.97420163915721,
                "eval": 0.25
            },
            "black": {
                "control": 0.27698505997309764,
                "threat": 1.0,
                "strategic": 3.384013822017952,
                "hybrid": 11.90554920777672,
                "eval": -0.25
            },
            "move_number": 7
        },
        {
            "white": {
                "control": 1.0,
                "threat": 1.0,
                "strategic": 3.2449530810750815,
                "hybrid": 10.480225658074447,
                "eval": 0.33
            },
            "black": {
                "control": 0.5756984892884995,
                "threat": 1.0,
                "strategic": 3.2192617586774857,
                "hybrid": 11.185703639587391,
                "eval": -0.33
            },
            "move_number": 8
        },
        {
            "white": {
                "control": 0.5773485009914813,
                "threat": 1.0,
                "strategic": 3.2449530810750815,
                "hybrid": 7.841556850684234,
                "eval": 0.13
            },
            "black": {
                "control": 0.5756984892884995,
                "threat": 1.0,
                "strategic": 3.2192617586774857,
                "hybrid": 11.185703639587386,
                "eval": -0.13
            },
            "move_number": 9
        },
        {
            "white": {
                "control": 0.5773485009914813,
                "threat": 1.0,
                "strategic": 3.2449530810750815,
                "hybrid": 7.841556850684234,
                "eval": 0.4
            },
            "black": {
                "control": 1.0,
                "threat": 1.0,
                "strategic": 3.2192617586774857,
                "hybrid": 10.910682335602209,
                "eval": -0.4
            },
            "move_number": 10
        },
        {
            "white": {
                "control": 0.30150039144126584,
                "threat": 1.7071067811865475,
                "strategic": 3.2449530810750815,
                "hybrid": 10.82904148543178,
                "eval": -0.01
            },
            "black": {
                "control": 1.0,
                "threat": 1.0,
                "strategic": 3.2192617586774857,
                "hybrid": 10.910682335602209,
                "eval": 0.01
            },
            "move_number": 11
        },
        {
            "white": {
                "control": 0.30150039144126584,
                "threat": 1.7071067811865475,
                "strategic": 3.2449530810750815,
                "hybrid": 12.389753326654008,
                "eval": 0.7
            },
            "black": {
                "control": 0.46089535772326745,
                "threat": 1.0,
                "strategic": 3.2192617586774857,
                "hybrid": 10.522002478569366,
                "eval": -0.7
            },
            "move_number": 12
        },
        {
            "white": {
                "control": 0.2886738795732918,
                "threat": 1.7071067811865475,
                "strategic": 3.2449530810750815,
                "hybrid": 10.8721819732414,
                "eval": -1.0
            },
            "black": {
                "control": 0.46089535772326745,
                "threat": 1.0,
                "strategic": 3.2192617586774857,
                "hybrid": 10.522002478569357,
                "eval": 1.0
            },
            "move_number": 13
        },
        {
            "white": {
                "control": 0.2886738795732918,
                "threat": 1.0,
                "strategic": 3.2449530810750815,
                "hybrid": 7.6877935995731335,
                "eval": -1.23
            },
            "black": {
                "control": 1.0,
                "threat": 1.0,
                "strategic": 3.2192617586774857,
                "hybrid": 10.161198357687013,
                "eval": 1.23
            },
            "move_number": 14
        },
        {
            "white": {
                "control": 0.9323386698296972,
                "threat": 1.0,
                "strategic": 3.2449530810750815,
                "hybrid": 11.044559637964545,
                "eval": -2.11
            },
            "black": {
                "control": 1.0,
                "threat": 1.0,
                "strategic": 3.2192617586774857,
                "hybrid": 10.161198357687013,
                "eval": 2.11
            },
            "move_number": 15
        }
    ]
}