{
    "control_diff": 0.8174258141649422,
    "threat_diff": 0.38229364403820965,
    "strategic_diff": 0.0,
    "hybrid_diff": 0.0,
    "eval_diff": 2.3
}