{
    "opening": "QGD Cambridge Springs",
    "moves_used": [
        "d4",
        "d5",
        "c4",
        "e6",
        "Nc3",
        "Nf6",
        "Bg5",
        "Bb4",
        "e3",
        "O-O",
        "Nf3",
        "c5",
        "Rc1",
        "Nc6",
        "Bd3"
    ],
    "average_metrics": {
        "white": {
            "control": 0.7985146725698548,
            "threat": 1.598321122542463,
            "strategic": 3.3975844791987657,
            "hybrid": 16.486337404506394,
            "eval": 0.26461538461538464
        },
        "black": {
            "control": 0.6468779759637451,
            "threat": 1.1087856586440843,
            "strategic": 3.323561368864124,
            "hybrid": 12.694368121271502,
            "eval": -0.26461538461538464
        }
    },
    "move_by_move_metrics": [
        {
            "white": {
                "control": 1.0,
                "threat": 1.0,
                "strategic": 3.2473976966292146,
                "hybrid": 9.93600030976023,
                "eval": 0.26
            },
            "black": {
                "control": 0.5766836760047307,
                "threat": 1.0,
                "strategic": 3.1627253919438325,
                "hybrid": 9.18143740017006,
                "eval": -0.26
            },
            "move_number": 3
        },
        {
            "white": {
                "control": 1.0,
                "threat": 1.0,
                "strategic": 3.2473976966292146,
                "hybrid": 9.93600030976023,
                "eval": 0.16
            },
            "black": {
                "control": 0.5752552961486038,
                "threat": 1.0,
                "strategic": 3.2473976966292146,
                "hybrid": 8.67778375492345,
                "eval": -0.16
            },
            "move_number": 4
        },
        {
            "white": {
                "control": 1.0,
                "threat": 1.7071067811865475,
                "strategic": 3.384013822017952,
                "hybrid": 17.127332962360196,
                "eval": 0.22
            },
            "black": {
                "control": 0.5752552961486038,
                "threat": 1.0,
                "strategic": 3.2473976966292146,
                "hybrid": 8.67778375492345,
                "eval": -0.22
            },
            "move_number": 5
        },
        {
            "white": {
                "control": 1.0,
                "threat": 1.7071067811865475,
                "strategic": 3.384013822017952,
                "hybrid": 17.127332962360196,
                "eval": 0.24
            },
            "black": {
                "control": 0.27698505997309764,
                "threat": 1.0,
                "strategic": 3.384013822017952,
                "hybrid": 11.90554920777672,
                "eval": -0.24
            },
            "move_number": 6
        },
        {
            "white": {
                "control": 1.0,
                "threat": 1.7071067811865475,
                "strategic": 3.384013822017952,
                "hybrid": 16.97420163915721,
                "eval": 0.25
            },
            "black": {
                "control": 0.27698505997309764,
                "threat": 1.0,
                "strategic": 3.384013822017952,
                "hybrid": 11.90554920777672,
                "eval": -0.25
            },
            "move_number": 7
        },
        {
            "white": {
                "control": 1.0,
                "threat": 1.7071067811865475,
                "strategic": 3.384013822017952,
                "hybrid": 16.97420163915721,
                "eval": 0.35
            },
            "black": {
                "control": 1.0,
                "threat": 1.0,
                "strategic": 3.384013822017952,
                "hybrid": 11.775883867959314,
                "eval": -0.35
            },
            "move_number": 8
        },
        {
            "white": {
                "control": 0.27097986168110827,
                "threat": 1.7071067811865475,
                "strategic": 3.5609284253441524,
                "hybrid": 13.72658171474238,
                "eval": 0.32
            },
            "black": {
                "control": 1.0,
                "threat": 1.0,
                "strategic": 3.384013822017952,
                "hybrid": 11.775883867959314,
                "eval": -0.32
            },
            "move_number": 9
        },
        {
            "white": {
                "control": 0.27097986168110827,
                "threat": 1.7071067811865475,
                "strategic": 3.5609284253441524,
                "hybrid": 13.72658171474238,
                "eval": 0.51
            },
            "black": {
                "control": 0.5773366519124619,
                "threat": 1.0,
                "strategic": 3.379464772812395,
                "hybrid": 12.60421361411027,
                "eval": -0.51
            },
            "move_number": 10
        },
        {
            "white": {
                "control": 0.8271001967676301,
                "threat": 1.7071067811865475,
                "strategic": 3.415152896926854,
                "hybrid": 19.201287629583145,
                "eval": 0.26
            },
            "black": {
                "control": 0.5773366519124619,
                "threat": 1.0,
                "strategic": 3.379464772812395,
                "hybrid": 12.60421361411027,
                "eval": -0.26
            },
            "move_number": 11
        },
        {
            "white": {
                "control": 0.8271001967676301,
                "threat": 1.7071067811865475,
                "strategic": 3.415152896926854,
                "hybrid": 19.201287629583145,
                "eval": 0.27
            },
            "black": {
                "control": 0.576788261972922,
                "threat": 1.0,
                "strategic": 3.2152813406226235,
                "hybrid": 13.136127410646528,
                "eval": -0.27
            },
            "move_number": 12
        },
        {
            "white": {
                "control": 0.7709245298063556,
                "threat": 1.7071067811865475,
                "strategic": 3.415152896926854,
                "hybrid": 19.412154062655848,
                "eval": 0.16
            },
            "black": {
                "control": 0.576788261972922,
                "threat": 1.0,
                "strategic": 3.2152813406226235,
                "hybrid": 13.136127410646528,
                "eval": -0.16
            },
            "move_number": 13
        },
        {
            "white": {
                "control": 0.7709245298063556,
                "threat": 1.7071067811865475,
                "strategic": 3.415152896926854,
                "hybrid": 19.412154062655848,
                "eval": 0.39
            },
            "black": {
                "control": 0.9099997357548923,
                "threat": 1.7071067811865475,
                "strategic": 3.4116147475447542,
                "hybrid": 19.823116232763464,
                "eval": -0.39
            },
            "move_number": 14
        },
        {
            "white": {
                "control": 0.6426815668979216,
                "threat": 1.7071067811865475,
                "strategic": 3.3552791098579937,
                "hybrid": 21.56726962206512,
                "eval": 0.05
            },
            "black": {
                "control": 0.9099997357548923,
                "threat": 1.7071067811865475,
                "strategic": 3.4116147475447542,
                "hybrid": 19.823116232763464,
                "eval": -0.05
            },
            "move_number": 15
        }
    ]
}