{
    "raw_metrics": {
        "control_diff": 0.4817395962956627,
        "threat_diff": 4.440892098500626e-16,
        "strategic_diff": 0.0,
        "hybrid_diff": 2.4604012258528565,
        "graph_diff": 2.9421408221485197,
        "eval_diff": 0.29000000000000004,
        "eval1": -0.71,
        "eval2": -1.0
    },
    "normalized_graph_metrics": {
        "control_diff": 0.5872046680528227,
        "threat_diff": 2.000820987743793e-16,
        "strategic_diff": 0.0,
        "hybrid_diff": 0.15083657478034604
    },
    "aggregate_normalized_graph_diff": 0.738041242833169,
    "engine_eval_diff": 0.29000000000000004,
    "combined_score": 1.0280412428331691
}