{
    "control_diff": 0.6474571733110144,
    "threat_diff": 0.7965072064113046,
    "strategic_diff": 0.0,
    "hybrid_diff": 5.685214693489939,
    "eval_diff": 15.64
}