{
    "opening": "QGD Tarrasch Defense",
    "moves_used": [
        "d4",
        "d5",
        "c4",
        "e6",
        "Nc3",
        "c5",
        "cxd5",
        "exd5",
        "Nf3",
        "Nc6",
        "Bg5",
        "cxd4",
        "e3",
        "Nf6",
        "Bd3"
    ],
    "average_metrics": {
        "white": {
            "control": 0.8929603303866495,
            "threat": 1.3900821393742673,
            "strategic": 3.2029766119115815,
            "hybrid": 14.258761649198224,
            "eval": -0.07
        },
        "black": {
            "control": 0.4703950796104487,
            "threat": 1.1631784879661264,
            "strategic": 3.2486168891102194,
            "hybrid": 10.554116183607105,
            "eval": 0.07
        }
    },
    "move_by_move_metrics": [
        {
            "white": {
                "control": 1.0,
                "threat": 1.0,
                "strategic": 3.2473976966292146,
                "hybrid": 9.93600030976023,
                "eval": 0.26
            },
            "black": {
                "control": 0.5766836760047307,
                "threat": 1.0,
                "strategic": 3.1627253919438325,
                "hybrid": 9.18143740017006,
                "eval": -0.26
            },
            "move_number": 3
        },
        {
            "white": {
                "control": 1.0,
                "threat": 1.0,
                "strategic": 3.2473976966292146,
                "hybrid": 9.93600030976023,
                "eval": 0.16
            },
            "black": {
                "control": 0.5752552961486038,
                "threat": 1.0,
                "strategic": 3.2473976966292146,
                "hybrid": 8.67778375492345,
                "eval": -0.16
            },
            "move_number": 4
        },
        {
            "white": {
                "control": 1.0,
                "threat": 1.7071067811865475,
                "strategic": 3.384013822017952,
                "hybrid": 17.127332962360196,
                "eval": 0.22
            },
            "black": {
                "control": 0.5752552961486038,
                "threat": 1.0,
                "strategic": 3.2473976966292146,
                "hybrid": 8.67778375492345,
                "eval": -0.22
            },
            "move_number": 5
        },
        {
            "white": {
                "control": 1.0,
                "threat": 1.7071067811865475,
                "strategic": 3.384013822017952,
                "hybrid": 17.127332962360207,
                "eval": 0.3
            },
            "black": {
                "control": 0.31285063189917306,
                "threat": 1.0,
                "strategic": 3.393592199975916,
                "hybrid": 9.118113257302149,
                "eval": -0.3
            },
            "move_number": 6
        },
        {
            "white": {
                "control": 0.8635667115297749,
                "threat": 1.0,
                "strategic": 3.2449530810750815,
                "hybrid": 10.705833411401608,
                "eval": 0.36
            },
            "black": {
                "control": 0.5745859828234374,
                "threat": 1.7071067811865475,
                "strategic": 3.393592199975916,
                "hybrid": 11.51885935530657,
                "eval": -0.36
            },
            "move_number": 7
        },
        {
            "white": {
                "control": 0.8684749156920438,
                "threat": 1.0,
                "strategic": 3.2449530810750815,
                "hybrid": 10.574772126686241,
                "eval": 0.3
            },
            "black": {
                "control": 0.5531831496917776,
                "threat": 1.0,
                "strategic": 3.2473976966292146,
                "hybrid": 7.193879872653148,
                "eval": -0.3
            },
            "move_number": 8
        },
        {
            "white": {
                "control": 0.8371611810805988,
                "threat": 1.0,
                "strategic": 3.01729258691713,
                "hybrid": 12.113711731387141,
                "eval": 0.39
            },
            "black": {
                "control": 0.5531831496917776,
                "threat": 1.0,
                "strategic": 3.2473976966292146,
                "hybrid": 7.193879872653148,
                "eval": -0.39
            },
            "move_number": 9
        },
        {
            "white": {
                "control": 0.8371611810805988,
                "threat": 1.0,
                "strategic": 3.01729258691713,
                "hybrid": 12.113711731387141,
                "eval": 0.42
            },
            "black": {
                "control": 0.288673701613018,
                "threat": 1.7071067811865475,
                "strategic": 3.384013822017952,
                "hybrid": 13.049264646697445,
                "eval": -0.42
            },
            "move_number": 10
        },
        {
            "white": {
                "control": 0.964819001501213,
                "threat": 1.0,
                "strategic": 3.01729258691713,
                "hybrid": 12.191480548795935,
                "eval": 0.04
            },
            "black": {
                "control": 0.288673701613018,
                "threat": 1.7071067811865475,
                "strategic": 3.384013822017952,
                "hybrid": 13.049264646697447,
                "eval": -0.04
            },
            "move_number": 11
        },
        {
            "white": {
                "control": 0.867917474148614,
                "threat": 1.7071067811865475,
                "strategic": 3.01729258691713,
                "hybrid": 16.58505280810337,
                "eval": 4.3
            },
            "black": {
                "control": 0.2886748101515335,
                "threat": 1.0,
                "strategic": 3.2449530810750815,
                "hybrid": 8.261361820999332,
                "eval": -4.3
            },
            "move_number": 12
        },
        {
            "white": {
                "control": 0.795915675641474,
                "threat": 2.121320343559643,
                "strategic": 3.230848210431799,
                "hybrid": 19.285955331155044,
                "eval": -3.04
            },
            "black": {
                "control": 0.2886748101515335,
                "threat": 1.0,
                "strategic": 3.2449530810750815,
                "hybrid": 11.683329930928544,
                "eval": 3.04
            },
            "move_number": 13
        },
        {
            "white": {
                "control": 0.795915675641474,
                "threat": 2.121320343559643,
                "strategic": 3.230848210431799,
                "hybrid": 19.285955331155044,
                "eval": 0.48
            },
            "black": {
                "control": 0.6197209144993128,
                "threat": 1.0,
                "strategic": 3.01729258691713,
                "hybrid": 14.799276036818808,
                "eval": -0.48
            },
            "move_number": 14
        },
        {
            "white": {
                "control": 0.7775524787106523,
                "threat": 1.7071067811865475,
                "strategic": 3.355099986873944,
                "hybrid": 18.380761875264547,
                "eval": -5.1
            },
            "black": {
                "control": 0.6197209144993128,
                "threat": 1.0,
                "strategic": 3.01729258691713,
                "hybrid": 14.799276036818808,
                "eval": 5.1
            },
            "move_number": 15
        }
    ]
}