{
    "control_diff": 0.7958759103249852,
    "threat_diff": 0.5124281625708935,
    "strategic_diff": 0.0,
    "hybrid_diff": 7.100323878581015,
    "eval_diff": 4.84
}