{
    "raw_metrics": {
        "control_diff": 0.4226497308103736,
        "threat_diff": 0.09821460019779815,
        "strategic_diff": 0.0,
        "hybrid_diff": 0.14638686928992328,
        "graph_diff": 0.667251200298095,
        "eval_diff": 1.06,
        "eval1": 2.31,
        "eval2": 3.37
    },
    "normalized_graph_metrics": {
        "control_diff": 0.5151785254762433,
        "threat_diff": 0.04425008061892961,
        "strategic_diff": 0.0,
        "hybrid_diff": 0.008974346835994778
    },
    "aggregate_normalized_graph_diff": 0.5684029529311677,
    "engine_eval_diff": 1.06,
    "combined_score": 1.6284029529311677
}