{
    "control_diff": 0.1837216404107041,
    "threat_diff": 0.7320508075688772,
    "strategic_diff": 0.0,
    "hybrid_diff": 6.197283894641261,
    "eval_diff": 5.8
}