{
    "control_diff": 0.21105444294386475,
    "threat_diff": 0.41421356237309537,
    "strategic_diff": 0.0,
    "hybrid_diff": 0.0,
    "eval_diff": 9.14
}